id,name,brand,original_price,discount,price,discount_rate,quantity_sold,rating_average,seller_id,seller_name,days_since_joined,seller_avg_rating,is_official,review_count,total_follower
31638135,"Combo 4 quần lót nam Boxer sợi cạp 1cm sợi tre tự nhiên mềm mịn thấm hút mồ hôi, co giãn 4 chiều MRM Manlywear - Màu ngẫu nhiên",MRM Manlywear,340000,85000,255000,25,4277.0,4.7,55147.0,MRM Manlywear Official,1410.0,4.7069,True,11627.0,2938.0
205231567,"Combo 3 Quần Lót Nam Thun Cotton OneZ Dáng Trunk Co Giãn, Thoải Mái - QL1",ONEZ,199000,80000,119000,40,83.0,4.6,5646.0,ONEZ Official Store,1786.0,4.3814,True,3595.0,1184.0
99958075,"Quần đùi short gió nam thể thao Basic trẻ trung năng động, thoáng mát co giãn 4 chiều MRM Manlywear",MRM Manlywear,199000,70000,129000,35,2196.0,4.7,55147.0,MRM Manlywear Official,1410.0,4.7069,True,11627.0,2938.0
172305521,"Áo thun polo nam thể thao LADOS - 9080 có cổ bẻ, vải thun lạnh, phông rộng",LADOS,249000,110000,139000,44,237.0,4.7,175389.0,Thời Trang Lados,639.0,4.6093,True,2434.0,1832.0
31637590,Combo 4 quần lót nam tam giác Bamboo Organic mềm mịn thoáng mát thấm hút mồ hôi - MRM Manlywear - Màu Ngẫu Nhiên,MRM Manlywear,340000,91000,249000,27,2761.0,4.7,55147.0,MRM Manlywear Official,1410.0,4.7069,True,11627.0,2938.0
50347611,Combo 2 Quần shorts thể thao nam dạng sọt sport đùi chất thun lạnh 4 chiều cao cấp phù hợp tập gym hay mặc nhà màu trắng và đen DUI-P101 - tặng 1 khẩu trang chống nắng,Doka,130000,51000,79000,39,341.0,4.3,9691.0,dokafashion,1696.0,4.335,True,1952.0,266.0
67538621,COmbo 5 quần ĐÙI May 10,May 10,135000,15000,120000,11,15068.0,4.6,16588.0,May 10,1605.0,4.574,False,7995.0,2286.0
17912482,"Áo khoác nam chống nắng gió thu đông Doka (DBLS102) chất liệu dù giữ ấm cao cấp màu đen , màu xanh đen , màu xanh rêu",Doka,229000,90000,139000,39,843.0,4.5,9691.0,dokafashion,1696.0,4.335,True,1952.0,266.0
22610869,"Combo 3 Áo Thun nam HÀNG HIỆU đa phong cách -  ĐB3QC16 (Chọn Màu)- Vải thun cotton có điểm đặc biệt, thân thiện với làn da, co giãn và khả năng thấm hút tốt",Doka,400000,191000,209000,48,452.0,4.5,9691.0,dokafashion,1696.0,4.335,True,1952.0,266.0
145680551,"Hộp 6 quần lót nam thun lạnh Hàn Quốc CITYMEN cao cấp co giãn 4 chiều, kháng khuẩn, thấm hút tốt ( Giao màu ngẫu nhiên )",CITYMEN,250000,140400,109600,56,2763.0,4.7,9311.0,THỜI TRANG LIÊN MINH,1699.0,4.5213,False,18594.0,5143.0
99968881,"Set 2 quần đùi nam, quần Short Gió nam thể thao Basic trẻ trung năng động, thoáng mát co giãn 4 chiều MRM Manlywear",MRM Manlywear,399000,144000,255000,36,1726.0,4.8,55147.0,MRM Manlywear Official,1410.0,4.7069,True,11627.0,2938.0
154298071,"Combo 2 quần đùi nam, quần Short Gió nam thể thao Họa Tiết Rằn Ri trẻ trung năng động, thoáng mát co giãn 4 chiều MRM Manlywear",MRM Manlywear,399000,130000,269000,33,540.0,5.0,55147.0,MRM Manlywear Official,1410.0,4.7069,True,11627.0,2938.0
131131915,"Áo polo nam ngắn tay có cổ ARISTINO mềm mại, nhẹ thoáng mát - APS018S1",Aristino,330000,0,330000,0,3.0,1.0,13801.0,K&G VIỆT NAM,1639.0,4.2874,False,167.0,273.0
172283470,"NEVER GIVE UP, mã G112. Áo thun nam nữ in chữ siêu đẹp, form unisex. Áo phông GOKING hàng hiệu, quà tặng cao cấp cho gia đình, cặp đôi, hội nhóm, doanh nghiệp",GOKING,99000,0,99000,0,233.0,4.8,18138.0,GOKING,1592.0,4.6657,False,9085.0,2669.0
31638205,Combo 4 quần lót nam cạp 1cm sợi tre Bamboo tự nhiên mềm mịn thấm hút mồ hôi - Màu Ngẫu nhiên - 2XL,MRM Manlywear,300000,71000,229000,24,969.0,4.7,55147.0,MRM Manlywear Official,1410.0,4.7069,True,11627.0,2938.0
71985742,"Áo Gió Nam, Áo khoác nam [Nhập EZAGG10K giảm 10K + Miễn Phí Vận Chuyển] Chống Thấm Nước Có Túi Trong Kèm Túi Khóa Kéo Phong Cách Trẻ Trung",dokafashion,298000,139000,159000,47,297.0,4.5,13906.0,Doka Fashion,1635.0,4.4608,True,1682.0,337.0
17911356,Áo khoác nam chống nắng gió thu đông Doka (DBLS101) chất liệu dù giữ ấm cao cấp,Doka,200000,91000,109000,46,125.0,4.1,9691.0,dokafashion,1696.0,4.335,True,1952.0,266.0
90979601,"Áo Khoác Dù Nam Dokafashion Cao Cấp 2 Lớp Vải Dù Ấm Áp Cản Gió Đi Nắng, Chống Nước EZDS23",dokafashion,209000,61000,148000,29,148.0,4.8,13906.0,Doka Fashion,1635.0,4.4608,True,1682.0,337.0
75329276,"Áo Polo Nam Pique Basic Co Giãn Thoáng Khí, combo 2 áo - DBM215",Doka,239000,100000,139000,42,236.0,4.6,15951.0,Shoppious,1613.0,4.3843,False,726.0,123.0
74536479,"Áo khoác dù nam DokaFashion giá tốt, giảm giá đến 45% ( Chọn màu )",Doka,100000,31000,69000,31,448.0,4.5,15951.0,Shoppious,1613.0,4.3843,False,726.0,123.0
145266582,"Combo 3 quần sịp tam giác, Set 3 quần lót nam dáng Brief ARISTINO chất liệu Bamboo thoáng mát, kháng khuẩn khử mùi cực tốt AC-06",Aristino,240000,60400,179600,25,480.0,4.6,224263.0,Aristino Fashion Store,591.0,4.7136,True,1208.0,2944.0
172322104,"TOKYO, mã G159. Áo thun hàng hiệu GOKING, form unisex cho nam nữ, trẻ em, bé trai gái. Áo phông in hình chữ đẹp. Quà tặng cao cấp cho gia đình, cặp đôi, hội nhóm, doanh nghiệp",GOKING,119000,0,119000,0,86.0,4.8,18138.0,GOKING,1592.0,4.6657,False,9085.0,2669.0
22654030,Hộp 4 quần lót nam Boxer ( quần sịp đùi ) hàng nhập câp cấp QL3,Nanjiren,400000,165000,235000,41,1459.0,4.7,5646.0,ONEZ Official Store,1786.0,4.3814,True,3595.0,1184.0
249207204,"Sịp đùi nam ICon cao cấp size từ 35-100kg, sịp nam BIG SIZE, quần lót nam ngoại cỡ, sịp đùi thun lạnh, sịp cỡ lớn",OEM,35000,10500,24500,30,55.0,0.0,331884.0,Zentino thời trang nam,45.0,4.2,False,5.0,18.0
22492292,"Áo polo nam ngắn tay có cổ, Combo 2 áo, DokaFashion regular fit chuẩn hàng xuất, áo phông thun polo nam tay ngắn – EZ235",dokafashion,285000,126000,159000,44,913.0,4.5,13906.0,Doka Fashion,1635.0,4.4608,True,1682.0,337.0
98942159,"Combo 4 quần đùi nam thể thao Sport ngắn, quần short nam vải Thun Poly 2 Da thoáng mát, chất liệu hút ẩm, độ co giãn tốt",AK Corner,490000,245000,245000,50,2150.0,4.6,175215.0,A K CORNER,782.0,4.6174,True,1422.0,243.0
76121693,"Áo Khoác Dù Nam Chống Nắng, Trược Nước Cao Cấp - PS21",Doka,179000,51000,128000,28,119.0,4.3,15951.0,Shoppious,1613.0,4.3843,False,726.0,123.0
22654030,Hộp 4 quần lót nam Boxer ( quần sịp đùi ) hàng nhập câp cấp QL3,Nanjiren,400000,165000,235000,41,1459.0,4.7,5646.0,ONEZ Official Store,1786.0,4.3814,True,3595.0,1184.0
47811534,Quần shorts thể thao nam dạng sọt sport đùi chất thun lạnh 4 chiều cao cấp phù hợp tập gym hay mặc nhà có màu trắng và đen DUI-P101,Doka,115000,56000,59000,49,1197.0,4.5,9691.0,dokafashion,1696.0,4.335,True,1952.0,266.0
124635780,"Áo sơ mi nam trơn tay dài cao cấp Lados - 779 chất kate lụa mềm mát, thấm hút mồ hôi",LADOS,235000,96000,139000,41,2906.0,4.6,175389.0,Thời Trang Lados,639.0,4.6093,True,2434.0,1832.0
22490714,"Áo thun nam cổ bẻ vải cá sấu, Combo 2 áo – EZ212",dokafashion,285000,106000,179000,37,552.0,4.5,13906.0,Doka Fashion,1635.0,4.4608,True,1682.0,337.0
7170169,Bộ 5 Quần Sịp Tam Giác Nam Nhật Bản (Nhiều mầu) - 5Star,OEM,95000,0,95000,0,6811.0,4.2,10911.0,5Star,1678.0,4.3542,False,4215.0,469.0
87909810,Áo Polo nam DokaFashion vải Cotton cá sấu cao cấp xuất xịn dệt bo dày dặn chuẩn form áo thun cổ bẻ tay ngắn - Doka EZDB01,dokafashion,110000,51000,59000,46,37.0,4.7,13906.0,Doka Fashion,1635.0,4.4608,True,1682.0,337.0
172210350,"Hộp 4 quần boxer nam thun lạnh, quần lót nam co dãn 4 chiều- Formen Shop- FMQS017",ARADO FASHION,199000,30000,169000,15,620.0,4.8,17914.0,FORMEN SHOP,1597.0,4.5439,False,4556.0,2040.0
52184516,Combo 3 quần lót nam Boxer sợi cotton organic mềm mịn thoáng mát co giãn 4 chiều MRM Manlywear ( TẶNG Đôi Tất Nam Cao Cấp Giao Ngẫu Nhiên),MRM Manlywear,285000,86000,199000,30,3896.0,4.6,55147.0,MRM Manlywear Official,1410.0,4.7069,True,11627.0,2938.0
144162512,"Combo 3 quân sịp đùi nam, set 3 quần lót boxer nam Aristino chất liệu cotton kháng khuẩn, khử mùi, co giãn 4 chiều thấm hút mồ hôi cực tốt ABX03707",Aristino,390000,100400,289600,26,734.0,4.7,224263.0,Aristino Fashion Store,591.0,4.7136,True,1208.0,2944.0
220670591,"Quần kaki nam ( TẶNG 1 QUẦN SHORT cao cấp theo số kg  )  chất vải cotton mềm mịn, co giãn, chống nhăn, nhanh khô, độ bền cao chuẩn phong cách thời trang Dokafashion DKFQKK01",dokafashion,499000,230000,269000,46,19.0,4.6,13906.0,Doka Fashion,1635.0,4.4608,True,1682.0,337.0
31637590,Combo 4 quần lót nam tam giác Bamboo Organic mềm mịn thoáng mát thấm hút mồ hôi - MRM Manlywear - Màu Ngẫu Nhiên,MRM Manlywear,340000,91000,249000,27,2761.0,4.7,55147.0,MRM Manlywear Official,1410.0,4.7069,True,11627.0,2938.0
114285672,Hộp 5 cái quần lót tam giác thông hơi nam - Sịp lưới nam thoáng mát,	OEM,70500,0,70500,0,423.0,4.6,160608.0,AT HOME,877.0,4.3752,False,3148.0,289.0
99968881,"Set 2 quần đùi nam, quần Short Gió nam thể thao Basic trẻ trung năng động, thoáng mát co giãn 4 chiều MRM Manlywear",MRM Manlywear,399000,144000,255000,36,1726.0,4.8,55147.0,MRM Manlywear Official,1410.0,4.7069,True,11627.0,2938.0
87981660,"Combo 2 áo ba lỗ nam, áo 3 lỗ nam, sợi cotton mềm mịn, thấm hút mồ hôi tốt, thoáng mát, mặc thoải mái JAMANO",JAMANO,198000,49000,149000,25,1368.0,4.8,147336.0,JM STORE,974.0,4.6941,False,3894.0,895.0
54762383,Áo sơ mi nam tay ngắn họa tiết chìm Khatoco A1MN438T2-THMK027-2010-N - Xanh đen,KHATOCO ,438000,309000,129000,71,141.0,4.8,46647.0,THỜI TRANG KHATOCO,1456.0,4.7414,True,4900.0,1098.0
110938120,"Áo Phông Nam Lính Mỹ (2 Màu), Chất Liệu Mềm Mại, Thoáng Mát, Chống Nhăn, Phom Dáng Xuông Trẻ Trung, Năng Động (U289)-HÀNG CHÍNH HÃNG",US ARMY,499000,249500,249500,50,114.0,5.0,276201.0,US ARMY OFFICIAL,407.0,4.7328,True,2163.0,275.0
88011112,Quần short nam Dokafashion thể thao cao cấp năng động cá tính EZQT01,dokafashion,80000,21000,59000,26,126.0,4.7,13906.0,Doka Fashion,1635.0,4.4608,True,1682.0,337.0
108593536,"Combo 3 Quần Lót Nam Tam Giác 5S, Chất Cotton Premium Mềm Mịn, Thấm Hút Cực Tốt, Vận Động Thoải Mái (X3-SIP21003BRF)",5S,255000,120000,135000,47,286.0,4.5,25955.0,5S FASHION,1521.0,4.657,True,33438.0,11457.0
20521995,Áo Thun Nam Khatoco A2MN378R2-VNMK004-2011-N,KHATOCO ,378000,249000,129000,66,308.0,4.8,46647.0,THỜI TRANG KHATOCO,1456.0,4.7414,True,4900.0,1098.0
92137226,Áo sơ mi nam tay ngắn form suông lai bằng họa tiết xanh Khatoco A1MN538T2-CNIN074-2009-N,KHATOCO ,538000,349000,189000,65,211.0,4.8,46647.0,THỜI TRANG KHATOCO,1456.0,4.7414,True,4900.0,1098.0
99156609,"Áo Thun Nam cổ tròn TSIMPLE áo phông trơn basic tay ngắn vải cotton co giãn, dày dặn , form chuẩn nhiều màu",Tsimple,113000,24000,89000,21,3196.0,4.7,33099.0,TSIMPLE OFFICIAL STORE,1496.0,4.6513,True,3654.0,835.0
214927584,Combo 2 Quần lót nam boxer nhiều lưng cao cấp vải cotton co dãn 4 chiều sịp đùi nam CITYMEN - Giao màu ngẫu nhiên,CITYMEN,96000,45900,50100,48,48.0,5.0,9311.0,THỜI TRANG LIÊN MINH,1699.0,4.5213,False,18594.0,5143.0
99329103,"Quần Thể Thao Nam TSIMPLE, quần short tập gym vải thun lạnh thoáng mát, co giãn, chuẩn form nhiều màu",Tsimple,113000,24000,89000,21,1229.0,4.7,33099.0,TSIMPLE OFFICIAL STORE,1496.0,4.6513,True,3654.0,835.0
20521238,Áo Sơ Mi Nam Tay Ngắn Khatoco A1MN538T1-CNCR115-2010-N,KHATOCO ,538000,389000,149000,72,180.0,4.8,46647.0,THỜI TRANG KHATOCO,1456.0,4.7414,True,4900.0,1098.0
50328037,Áo Thun Nam Tay Ngắn Sọc Ngang Chìm Khatoco A2MN378R2-VNSC033-2111-N,KHATOCO ,378000,249000,129000,66,224.0,5.0,46647.0,THỜI TRANG KHATOCO,1456.0,4.7414,True,4900.0,1098.0
79435123,"Áo chống nắng nam cao cấp, thông hơi, chống nắng, chống tia UV, chống bám bụi – FORMEN SHOP – FMTHT024",OEM,250000,141000,109000,56,1003.0,4.7,17914.0,FORMEN SHOP,1597.0,4.5439,False,4556.0,2040.0
162389118,"Set 4 chiếc quần đùi nam thể thao Sport ngắn vải Thun Poly 2 Da thoáng mát, quần short nam co giãn 4 chiều thoải mái",AK Corner,490000,245000,245000,50,141.0,4.8,175215.0,A K CORNER,782.0,4.6174,True,1422.0,243.0
20518200,Quần Kaki Nam Khatoco Q2M528S0-VNMA007-1811-0003,KHATOCO ,528000,329000,199000,62,128.0,5.0,46647.0,THỜI TRANG KHATOCO,1456.0,4.7414,True,4900.0,1098.0
223767624,Combo 3 Quần lót nam boxer CITYMEN nhiều lưng cao cấp vải thun lạnh 4 chiều sịp đùi nam - Giao màu ngẫu nhiên,CITYMEN,118000,50900,67100,43,25.0,5.0,9311.0,THỜI TRANG LIÊN MINH,1699.0,4.5213,False,18594.0,5143.0
220669527,Combo 2 Quần lót nam boxer CITYMEN nhiều lưng vải thun lạnh co dãn 4 chiều sịp đùi nam cao cấp - Giao màu ngẫu nhiên,CITYMEN,79000,37400,41600,47,24.0,5.0,9311.0,THỜI TRANG LIÊN MINH,1699.0,4.5213,False,18594.0,5143.0
76537581,"Quần Jean Nam Đen Trơn cao cấp thương hiệu Chandi, phong cách tôn dáng nam tính chất jean co dãn Mẫu J20",Chandi,280000,112000,168000,40,2140.0,4.5,18150.0,CHANDI OFFICIAL STORE,1591.0,4.5967,True,10010.0,1663.0
54711023,"Quần Bơi Nam Thiết Kế Vảy Cá Mập Cleacco Chống Thấm Nước , Nhanh Khô Tặng Kèm Nón Bơi và Bịt Tai Silicon Cao Cấp",CLEACCO,201000,52000,149000,26,592.0,4.8,5907.0,BORO SPORT,1783.0,4.6641,False,13450.0,1455.0
216356961,Combo 3 Quần lót nam boxer CITYMEN nhiều lưng cao cấp vải cotton co dãn 4 chiều sịp đùi nam - Giao màu ngẫu nhiên,CITYMEN,143000,58900,84100,41,29.0,5.0,9311.0,THỜI TRANG LIÊN MINH,1699.0,4.5213,False,18594.0,5143.0
217147824,Combo 4 Quần lót nam boxer nhiều lưng vải cotton cao cấp co dãn 4 chiều sịp đùi nam CITYMEN - Giao màu ngẫu nhiên,CITYMEN,191000,81400,109600,43,22.0,5.0,9311.0,THỜI TRANG LIÊN MINH,1699.0,4.5213,False,18594.0,5143.0
214736111,Quần lót nam boxer CITYMEN nhiều lưng cao cấp vải thun lạnh co dãn 4 chiều sịp đùi nam - Giao màu ngẫu nhiên,CITYMEN,40000,17900,22100,45,55.0,5.0,9311.0,THỜI TRANG LIÊN MINH,1699.0,4.5213,False,18594.0,5143.0
99325284,"Áo Thể Thao Nam TSIMPLE thun nam tập gym ngắn tay vải thun lạnh thoáng mát, co giãn, chuẩn form nhiều màu",Tsimple,113000,24000,89000,21,2876.0,4.7,33099.0,TSIMPLE OFFICIAL STORE,1496.0,4.6513,True,3654.0,835.0
99958075,"Quần đùi short gió nam thể thao Basic trẻ trung năng động, thoáng mát co giãn 4 chiều MRM Manlywear",MRM Manlywear,199000,70000,129000,35,2196.0,4.7,55147.0,MRM Manlywear Official,1410.0,4.7069,True,11627.0,2938.0
125800026,"Áo khoác dù 2 mặt chống Nước LADOS - 2027 , Form đẹp, chống nắng, chống nước tốt",LADOS,379000,150000,229000,40,577.0,4.5,175389.0,Thời Trang Lados,639.0,4.6093,True,2434.0,1832.0
214499507,Quần lót nam boxer CITYMEN nhiều lưng vải cotton co dãn 4 chiều sịp đùi nam cao cấp - Giao màu ngẫu nhiên,CITYMEN,48000,20800,27200,43,31.0,5.0,9311.0,THỜI TRANG LIÊN MINH,1699.0,4.5213,False,18594.0,5143.0
31638205,Combo 4 quần lót nam cạp 1cm sợi tre Bamboo tự nhiên mềm mịn thấm hút mồ hôi - Màu Ngẫu nhiên,MRM Manlywear,300000,71000,229000,24,969.0,4.7,55147.0,MRM Manlywear Official,1410.0,4.7069,True,11627.0,2938.0
20527249,Quần Short Nam Khatoco Q3M318R0-VNMA030-2009-018,KHATOCO ,318000,189000,129000,59,222.0,5.0,46647.0,THỜI TRANG KHATOCO,1456.0,4.7414,True,4900.0,1098.0
20518214,Quần Short Nam Khatoco Q3M318R0-VNMA034-2009-020,KHATOCO ,318000,189000,129000,59,118.0,4.8,46647.0,THỜI TRANG KHATOCO,1456.0,4.7414,True,4900.0,1098.0
162354106,Áo Chống Nắng Nam CARDINA 2 Lớp Chất Thun Lạnh Cao Cấp Chống Tia UV 2NM02,CARDINA,699000,310000,389000,44,730.0,5.0,158909.0,CARDINA FASHION,747.0,4.8332,True,4245.0,6508.0
251773296,"Áo thun Polo Nam Coolmax - Premium nam tính, thanh lịch sang trọng MRM Manlywear",MRM Manlywear,450000,161000,289000,36,35.0,5.0,55147.0,MRM Manlywear Official,1410.0,4.7069,True,11627.0,2938.0
168224759,"[COMBO 3 QUẦN] Quần Lót Nam Thun Lạnh Lados 4115 - Thun lụa co giãn 4 chiều, siêu mềm, siêu thoải mái",LADOS,140000,65000,75000,46,165.0,5.0,175389.0,Thời Trang Lados,639.0,4.6093,True,2434.0,1832.0
134647757,"Quần lót nam ARISTINO dáng Brief, quần sịp tam giác nam chất liệu cotton mềm mại, thoáng mát - ABF03707",Aristino,95000,23750,71250,25,214.0,4.7,224263.0,Aristino Fashion Store,591.0,4.7136,True,1208.0,2944.0
7599073,"Combo 5 Quần Lót Nam tam giác vải cotton co giãn 2 chiều hiệu CITYMEN, màu ngẫu nhiên, sịp nam - LMTK-MULTI2C",CITYMEN,100000,49900,50100,50,3176.0,4.5,9311.0,THỜI TRANG LIÊN MINH,1699.0,4.5213,False,18594.0,5143.0
104080625,"Combo 4 Quần Lót Nam hiệu CITYMEN vải thun lạnh 4 chiều lưng Hàn Quốc cao cấp, đồ lót - LMTK-HANAL ( Giao màu ngẫu nhiên )",CITYMEN,136000,68900,67100,51,543.0,4.6,9311.0,THỜI TRANG LIÊN MINH,1699.0,4.5213,False,18594.0,5143.0
143599914,"Áo thun ba lỗ nam, áo basic Aristino AC-21 màu trắng, chất liệu 100% cotton thấm hút mồ hôi cực thoáng mát, phù hợp thể dục, thể thao, mặc lót bên trong",Aristino,95000,15700,79300,17,683.0,4.7,224263.0,Aristino Fashion Store,591.0,4.7136,True,1208.0,2944.0
82819910,"Áo Polo nam cổ bẻ ngắn tay, chất liệu vải cá sấu cotton cao cấp, trẻ trung, năng động – FORMEN SHOP – FMPS150",ARADO FASHION,219000,97000,122000,44,691.0,4.8,17914.0,FORMEN SHOP,1597.0,4.5439,False,4556.0,2040.0
37943815,Áo khoác phao nam thời trang 3 lớp giữ nhiệt màu đen hàng Việt Nam xuất khẩu LC,OEM,179000,0,179000,0,649.0,4.5,20485.0,TrucLinh Baby,1542.0,4.2476,False,3369.0,277.0
176663149,"Áo khoác dù cách nhiệt GOKING cho nam nữ, áo khoác gió hàng hiệu Việt Nam cao cấp, chống gió lạnh, giữ ấm cơ thể",GOKING,222000,2220,219780,1,134.0,4.8,18138.0,GOKING,1592.0,4.6657,False,9085.0,2669.0
15993454,Áo Khoác Nam Áo Khoác Kaki Nam Đơn Giản Cao Cấp-KK34,N6,270000,101000,169000,37,213.0,3.4,28688.0,ShopN6,1514.0,4.1958,False,5403.0,682.0
176250783,Áo thun nam Cotton Compact Premium trẻ trung năng động thấm hút mồ hôi co giãn 4 chiều MRM Manlywear,MRM Manlywear,249000,110000,139000,44,497.0,5.0,55147.0,MRM Manlywear Official,1410.0,4.7069,True,11627.0,2938.0
225916989,Combo 4 Quần lót nam boxer CITYMEN nhiều lưng cao cấp vải thun lạnh co dãn 4 chiều sịp đùi nam - Giao màu ngẫu nhiên,CITYMEN,157000,70300,86700,45,15.0,5.0,9311.0,THỜI TRANG LIÊN MINH,1699.0,4.5213,False,18594.0,5143.0
126146318,"Áo sơ mi nam trơn không nhăn LADOS - 523, Chất vải mềm mát, thấm hút mồ hôi tốt, form slimfit",LADOS,179000,0,179000,0,436.0,4.6,175389.0,Thời Trang Lados,639.0,4.6093,True,2434.0,1832.0
107896589,"Combo 4 chiếc quần đùi nam thể thao Sport ngắn, quần short nam vải Thun Poly 2 Da thoáng mát, chất liệu hút ẩm, độ co giãn tốt",AK Corner,490000,245000,245000,50,426.0,4.6,175215.0,A K CORNER,782.0,4.6174,True,1422.0,243.0
56614642,"Combo 5 quần sịp boxer chất cotton mềm mịn, thoải mái",ARADO FASHION,245000,86000,159000,35,357.0,4.7,17914.0,FORMEN SHOP,1597.0,4.5439,False,4556.0,2040.0
20526198,Áo Sơ Mi Nam Tay Dài Khatoco A1MD598T1-THCR085-2005-D,KHATOCO ,598000,409000,189000,68,42.0,5.0,46647.0,THỜI TRANG KHATOCO,1456.0,4.7414,True,4900.0,1098.0
92142554,Áo sơ mi nam tay ngắn form suông lai bằng họa tiết nâu Khatoco A1MN568T2-ININ023-2102-D,KHATOCO ,568000,170400,397600,30,18.0,4.8,46647.0,THỜI TRANG KHATOCO,1456.0,4.7414,True,4900.0,1098.0
110704393,Combo 2 quần đùi nam Cotton mặc nhà thoải mái thoáng mát JAMANO- MÀU NGẪU NHIÊN,JAMANO,140000,41000,99000,29,1158.0,4.5,147336.0,JM STORE,974.0,4.6941,False,3894.0,895.0
22760941,Combo 3 Áo thun nam cổ bẻ [ Tặng 1 quần lót xịn ] vải cá sấu - EZ338,dokafashion,406000,127500,278500,31,369.0,4.5,13906.0,Doka Fashion,1635.0,4.4608,True,1682.0,337.0
140523294,Quần Tây Âu Nam - dáng hàn quốc Slim Fit không đường ly vải co giãn form ôm,OEM,117000,0,117000,0,166.0,3.7,57049.0,Xưởng May Thời Trang Nguyễn Hùng,1415.0,3.8775,False,3437.0,571.0
99183754,"Áo Polo Nam cổ bẻ TSIMPLE thun có cổ tay lỡ vải cá sấu cotton phong cách trẻ trung, chuẩn form, nhiều màu",Tsimple,170000,81000,89000,48,1934.0,4.7,33099.0,TSIMPLE OFFICIAL STORE,1496.0,4.6513,True,3654.0,835.0
76166657,Quần khaki nam không ply ống ôm xanh dương pha tím nhạt Khatoco Q2M528S0-CNMA006-2006-0,KHATOCO ,528000,329000,199000,62,62.0,5.0,46647.0,THỜI TRANG KHATOCO,1456.0,4.7414,True,4900.0,1098.0
73570874,Áo Thun Nam Cổ Tròn Nhiều Màu - SIZE,OEM,21000,0,21000,0,1264.0,3.5,180638.0,FASHION TREND,754.0,3.525,False,4653.0,1463.0
220668927,Quần kaki dài nam ( Tặng 1 dây nịt da cao cấp )  chất vải mềm mịn chống nhăn co giãn chuẩn phong cách thời trang Doka DKMQKK01,Doka,499000,230000,269000,46,7.0,4.2,9691.0,dokafashion,1696.0,4.335,True,1952.0,266.0
134401252,"Áo thun phông nam form rộng tay lỡ cao cấp ARISTINO AC22 chất liệu cotton 100% thoáng khí, co giãn 4 chiều thoải mái vận động",Aristino,105000,21000,84000,20,508.0,4.8,224263.0,Aristino Fashion Store,591.0,4.7136,True,1208.0,2944.0
73365866,"Bộ 10 Quần Lót Nam vải cotton 2 chiều co giãn nhiều lưng hiệu CITYMEN, màu ngẫu nhiên, đồ lót - LMTK-MULTI2C",CM,180000,95900,84100,53,836.0,4.5,9311.0,THỜI TRANG LIÊN MINH,1699.0,4.5213,False,18594.0,5143.0
145266582,"Combo 3 quần sịp tam giác, Set 3 quần lót nam dáng Brief ARISTINO chất liệu Bamboo thoáng mát, kháng khuẩn khử mùi cực tốt AC-06",Aristino,240000,60400,179600,25,480.0,4.6,224263.0,Aristino Fashion Store,591.0,4.7136,True,1208.0,2944.0
95052893,Quần short nam big size quần sọt nam thể thao chống nóng quần đùi nam mặc nhà quần thun nam cotton 4 chiều co giãn cao cấp WSB2,N6,115000,56000,59000,49,1096.0,4.5,28688.0,ShopN6,1514.0,4.1958,False,5403.0,682.0
107801368,"Combo 2 quần đùi nam May 10 phiên bản có túi 2 bên, màu ngẫu nhiên",May 10,119000,1000,118000,1,967.0,4.5,16588.0,May 10,1605.0,4.574,False,7995.0,2286.0
20518720,Quần Short Nam Khatoco Q3M318R0-VNMA032-2009-018,KHATOCO ,318000,189000,129000,59,187.0,4.7,46647.0,THỜI TRANG KHATOCO,1456.0,4.7414,True,4900.0,1098.0
20534154,Áo Sơ Mi Nam Tay Dài Khatoco A1MD598T1-THCR075-2005-D,KHATOCO ,598000,409000,189000,68,121.0,4.8,46647.0,THỜI TRANG KHATOCO,1456.0,4.7414,True,4900.0,1098.0
20525982,Áo sơ mi nam tay dài Khatoco A1MD598T1-THCR077-2005-D,KHATOCO ,598000,409000,189000,68,96.0,5.0,46647.0,THỜI TRANG KHATOCO,1456.0,4.7414,True,4900.0,1098.0
81825319,Quần đùi nam mặc ở nhà quần thun lạnh mềm mát hút mồ hôi tốt size 50-80kg,OEM,24000,0,24000,0,930.0,4.5,62358.0,Hương Nemo Style,1396.0,3.9108,False,5540.0,857.0
199243351,"Áo Khoác Gió Thể Thao Nam 5S (5 Màu), Chất Liệu Cao Cấp, Trượt Nước, Cản Gió, Thiết Kế Khỏe Khoắn (AKG22009)",5S,859000,502000,357000,58,248.0,4.8,25955.0,5S FASHION,1521.0,4.657,True,33438.0,11457.0
142409966,Áo Thể Thao Nam Polo TSIMPLE cổ bẻ tay ngắn vải thun lạnh thoáng mát phong cách trẻ trung chuẩn form MSSAHCD,Tsimple,206000,87000,119000,42,138.0,4.7,33099.0,TSIMPLE OFFICIAL STORE,1496.0,4.6513,True,3654.0,835.0
111560211,Quần Túi Hộp Nam Kaki Thời Trang Phong Cách Thể Thao US678 Chất Vải Kaki Cao Cấp Phong Cách Lính- HÀNG CHÍNH HÃNG,US ARMY,658000,368000,290000,56,118.0,5.0,276201.0,US ARMY OFFICIAL,407.0,4.7328,True,2163.0,275.0
22654009,Hộp 4 quần lót nam Boxer ( quần sịp đùi ) hàng nhập câp cấp QL4,Nanjiren,350000,121000,229000,35,228.0,4.5,5646.0,ONEZ Official Store,1786.0,4.3814,True,3595.0,1184.0
9730171,"Combo 10 Quần Lót Nam nhiều lưng vải cotton 2 chiều hiệu CITYMEN, màu ngẫu nhiên, sịp nam - LMTK-MULTI2C",CITYMEN,200000,98000,102000,49,2673.0,4.5,9311.0,THỜI TRANG LIÊN MINH,1699.0,4.5213,False,18594.0,5143.0
52251333,"Áo Thun Nam Cổ Bẻ, Cổ Trụ, Thương Hiệu DOKA, 4 Chiều Cao Cấp ( 8 Màu) ,thiết kế, tay ngắn, trẻ trung, khỏe khoắn, đường may tỉ mỉ",Doka,39000,10000,29000,26,56.0,4.6,15951.0,Shoppious,1613.0,4.3843,False,726.0,123.0
217275832,"Áo Polo Nam 5S KEEP ON, Chất Viscose Siêu Mát, Mềm Mượt, Phom REGULARFIT Thoải Mái, Thiết Kế Trẻ Trung (APC23020)",5S,389000,154000,235000,40,46.0,5.0,25955.0,5S FASHION,1521.0,4.657,True,33438.0,11457.0
20518115,Quần Kaki Nam Khatoco Q2M468R1-VNMA012-1811-1,KHATOCO ,468000,299000,169000,64,557.0,4.7,46647.0,THỜI TRANG KHATOCO,1456.0,4.7414,True,4900.0,1098.0
93968595,Quần tây nam không ply ống ôm đen trơn Khatoco Q1M528S0-CNMA004-2007-0,KHATOCO ,528000,329000,199000,62,21.0,5.0,46647.0,THỜI TRANG KHATOCO,1456.0,4.7414,True,4900.0,1098.0
125516655,"Quần Lót Nam Tam Giác 5S (5 Màu), Chất Cotton Premium, Co Giãn, Thấm Hút, Kháng Khuẩn Cực Tốt (SIP21003BRF)",5S,85000,41000,44000,48,348.0,4.8,25955.0,5S FASHION,1521.0,4.657,True,33438.0,11457.0
56919853,Áo Len Cổ Lọ Nam SZone SAL222 Phong Cách Hàn Quốc,SZone,129000,0,129000,0,542.0,4.5,6903.0,SZone,1758.0,4.3689,False,2643.0,286.0
145263868,"Combo 3 quần sịp đùi, set 3 quần lót nam ARISTiNO chất liệu Cotton Organic mềm mại, thoáng mát, kháng khuẩn, khử mùi cực tốt ABX056",Aristino,375000,95500,279500,25,164.0,4.8,224263.0,Aristino Fashion Store,591.0,4.7136,True,1208.0,2944.0
115832681,"[SALE SỐC] Áo khoác blazer nam ,áo vest nam balzer nam phong cách Hàn Quốc - DUKI STORE",OEM,359000,0,359000,0,285.0,4.5,159708.0,dukistore,810.0,4.3485,False,241.0,162.0
11203758,Combo 4 Quần Lót Đùi Nam Thông Hơi Thoáng Mát (Giao Màu Ngẫu Nhiên),OEM,102000,23000,79000,23,29.0,4.5,172427.0,Shop Quang Vinh,785.0,4.0018,False,545.0,83.0
205231567,"Combo 3 Quần Lót Nam Thun Cotton OneZ Dáng Trunk Co Giãn, Thoải Mái - QL1",ONEZ,199000,80000,119000,40,83.0,4.6,5646.0,ONEZ Official Store,1786.0,4.3814,True,3595.0,1184.0
20526900,Áo Sơ Mi Nam Tay Ngắn Khatoco A1MN438S1-CNIN087-2011-N,KHATOCO ,438000,269000,169000,61,7.0,4.6,46647.0,THỜI TRANG KHATOCO,1456.0,4.7414,True,4900.0,1098.0
215903778,Áo Polo Nam CARDINA Chất Cotton CVC Cao Cấp Áo Thun Cổ Bẻ Cộc Tay Mềm Mại Thoáng Mát 3APM01,cardina elegant all four seasons,399000,180000,219000,45,50.0,5.0,158909.0,CARDINA FASHION,747.0,4.8332,True,4245.0,6508.0
126700166,"Quần Jean nam basic cao cấp LADOS - 4035 form slimfit, vải đẹp",LADOS,500000,185000,315000,37,543.0,4.7,175389.0,Thời Trang Lados,639.0,4.6093,True,2434.0,1832.0
102122394,Combo 4 Quần lót boxer nam - Quần sịp đùi su đúc lụa sữa cao cấp không đường may Micado,Micado,280000,121000,159000,43,128.0,4.5,4055.0,Venado,1754.0,4.2558,False,692.0,147.0
114671372,Áo thun nam cổ tròn cao cấp ngắn tay đẹp chất vải cotton co giãn 4 chiều thoáng mát ZAVAS  Z13,ZAVAS,289000,90000,199000,31,362.0,4.8,173920.0,ZAVAS OFFICIAL,661.0,4.8186,True,485.0,411.0
117083129,"Áo khoác dù nam nữ chạy sọc tay siêu đẹp,phong cách cá tính tự tin,vải dù 2 lớp chống nắng giử nhiệt hiệu quả,Áo khoác dù 1 sọc ,áo khoù dù , áo khoác gió",NIU24,102000,0,102000,0,49.0,3.9,179490.0,ThoitrangUnisexTP,759.0,4.3342,False,1098.0,530.0
110112308,Combo 5 bao quần lót giấy du lịch PP Travel - Mate Nam 5 quần/bao,Travel-Mate,150000,28000,122000,19,278.0,4.8,1079.0,YAHO,1956.0,4.8386,False,2354.0,467.0
4965821,"Combo 4 Quần Lót Nam vải lạnh co giãn 4 chiều lưng CITYMEN cao cấp, đồ lót - LMTK-CTMAL",CITYMEN,180000,95900,84100,53,1815.0,4.6,9311.0,THỜI TRANG LIÊN MINH,1699.0,4.5213,False,18594.0,5143.0
179216239,"Combo 3 quần lót boxer trơn, chất thun mềm mịn thấm hút mồ hôi tố, co giãn tốt,  - FORMEN SHOP - FMQS018",ARADO FASHION,250000,102000,148000,41,111.0,4.5,17914.0,FORMEN SHOP,1597.0,4.5439,False,4556.0,2040.0
62365055,"Combo 4 Quần Lót Nam Boxer Thông Hơi Lưng Nhật Thoáng Mát , Quần Sịp Đùi Thông Hơi Cao cấp - (Giao Màu Ngẫu Nhiên)",CITYMEN,73000,0,73000,0,296.0,4.5,160608.0,AT HOME,877.0,4.3752,False,3148.0,289.0
20526933,Quần Short Nam Khatoco Q3M378R0-CNMA003-2009-009,KHATOCO ,378000,229000,149000,61,115.0,4.7,46647.0,THỜI TRANG KHATOCO,1456.0,4.7414,True,4900.0,1098.0
20521761,Áo Sơ Mi Nam Tay Ngắn Khatoco A1MN538T1-CNCR116-2010-N,KHATOCO ,538000,369000,169000,69,149.0,5.0,46647.0,THỜI TRANG KHATOCO,1456.0,4.7414,True,4900.0,1098.0
67516618,Áo sơ mi nam tay ngắn xanh nhạt họa tiết Khatoco A1MN388T2-ININ029-2111-N,KHATOCO ,388000,116400,271600,30,26.0,5.0,46647.0,THỜI TRANG KHATOCO,1456.0,4.7414,True,4900.0,1098.0
20518143,Quần Short Nam Khatoco Q3M318R0-VNMA029-2009-018,KHATOCO ,318000,189000,129000,59,281.0,4.8,46647.0,THỜI TRANG KHATOCO,1456.0,4.7414,True,4900.0,1098.0
176599627,"Áo polo nam ngắn tay có cổ Vicenzo regular fit chuẩn hàng xuất, áo phông thun polo nam tay ngắn",OEM,75000,0,75000,0,139.0,4.6,123887.0,Happy Care,1102.0,4.5347,False,432.0,24.0
107186342,"Quần Tây Âu Nam Co Giãn Nhẹ Dáng Ôm, Quần Nam Công Sở Lịch Sự Phù Hợp Mọi Hoàn Cảnh Thương Hiệu Chandi Mã NT334",Chandi,299000,164000,135000,55,740.0,4.3,18150.0,CHANDI OFFICIAL STORE,1591.0,4.5967,True,10010.0,1663.0
186133766,"Quần Short Kaki Nam US ARMY, Quần Túi Hộp Nam Phong Cách Lính Chất Liệu KaKi Cao Cấp, Kiểu Dáng Trẻ Trung Năng Động -HÀNG CHÍNH HÃNG",US ARMY,598000,338000,260000,57,159.0,4.7,276201.0,US ARMY OFFICIAL,407.0,4.7328,True,2163.0,275.0
155494342,Áo thun unisex MonsterX Love Wind phông tay lỡ nam nữ form rộng Oversize,OEM,109000,0,109000,0,3.0,5.0,146610.0,Thời trang Unisex MonsterX,978.0,4.3869,False,610.0,489.0
162033266,Áo POLO Nam- Áo thun Nam Ngắn tay có cổ Vải Cotton Cá Sấu Cao Cấp,OEM,159000,0,159000,0,19.0,3.9,243988.0,DazzieMenswear,537.0,4.3585,False,477.0,213.0
91588865,Áo thun nam cổ bẻ chất vải thun cá sấu,OEM,89000,0,89000,0,18.0,3.9,147206.0,Chippro Shop,978.0,4.1733,False,202.0,55.0
151801252,QUẦN LÓT NAM - Dạng Dây NỔI BẬT- Nâng Mông Nhẹ - Mặc Cực Đã,OEM,59000,0,59000,0,37.0,5.0,254423.0,THE GEM,508.0,4.7453,False,106.0,20.0
146080196,Quần kaki nam ZENTOMAN trung niên thanh niên ống suông co giãn mềm mịn trơn cao cấp QKK21,Zentoman,333000,0,333000,0,54.0,4.0,125077.0,Zento Man,795.0,3.697,False,99.0,66.0
58987438,Áo khoác jean nam thời trang cao cấp 02,OEM,195000,0,195000,0,97.0,4.3,62358.0,Hương Nemo Style,1396.0,3.9108,False,5540.0,857.0
158790448,"Quần jogger nam trơn chất gió mềm mịn phối màu Gradient, phong cách đường phố, hàn quốc",OEM,165000,0,165000,0,61.0,4.7,250052.0,GOLOV STORE,521.0,4.4725,False,455.0,128.0
207946158,Áo thun tay lỡ Basic in cao thành phông Unisex nam nữ Cotton oversize form rộng LUNACY,Lunacy,369000,130000,239000,35,7.0,5.0,300434.0,Lunacy Official Store,275.0,4.9194,True,62.0,127.0
73485306,Áo thun nam dài tay cổ bẻ Hahaman cao cấp nhiều màu CBDT01 - M,Hahaman,200000,0,200000,0,102.0,4.7,4247.0,HAHAFASHION,1797.0,4.2389,True,4203.0,544.0
220666598,"Áo Khoác Nam Cách Nhiệt Vải Kaki Cao Cấp US ARMY U799, Áo Khoác Kaki Lính 2 Lớp Phong Cách Cực Ngầu -HÀNG CHÍNH HÃNG",US ARMY,1898000,949000,949000,50,4.0,5.0,276201.0,US ARMY OFFICIAL,407.0,4.7328,True,2163.0,275.0
53302423,Quần short thun nam lật lai Phúc An màu xám 1049,Phúc An,42300,0,42300,0,18.0,4.8,5961.0,Phúc An,1782.0,4.2089,False,1034.0,137.0
161028544,"Quần Áo Bảo Hộ Lao Động , Bộ Lao Động Phối Màu Vải Kaki Dày Cao Cấp Nhiều Mẫu",OEM,185000,0,185000,0,147.0,4.7,263385.0,Shop Bé Gạooo,459.0,4.3647,False,85.0,8.0
35193606,[FREEMAN] Combo 5 quần lót nam 6034,Freeman,195000,39000,156000,20,150.0,4.3,7176.0,FREEMAN & JOBELLI,1747.0,4.4967,False,451.0,446.0
52848986,"Combo 2 quần short nam thể thao thun lạnh cao cấp thoải mái, năng động, trẻ trung - FORMEN SHOP - FMCB3PS094",ARADO FASHION,380000,131000,249000,34,109.0,4.5,17914.0,FORMEN SHOP,1597.0,4.5439,False,4556.0,2040.0
72295699,"ÁO THUN NAM DÀI TAY CỔ BẺ MẪU MỚI NHIỀU MÀU, 3 SIZE(PHOM 50-75KG), LOGO THÊU, VẢI 100% COTTON CAO CẤP",OEM,190000,0,190000,0,77.0,4.5,13987.0,Mymy shop,1636.0,4.3821,False,602.0,86.0
115124831,áo ba lỗ nam áo lót nam chất cotton mỏng siêu mát hàng Hà Nội Việt Nam,OEM,15000,0,15000,0,116.0,3.0,180638.0,FASHION TREND,754.0,3.525,False,4653.0,1463.0
176789430,Áo bơi nam dài tay 402,OEM,144000,0,144000,0,23.0,4.0,225946.0,khangtranduyshop,593.0,4.463,False,108.0,66.0
112064344,"Combo 3 áo ba lỗ nam, áo 3 lỗ nam, sợi cotton mềm mịn, thấm hút mồ hôi tốt, thoáng mát, mặc thoải mái JAMANO",JAMANO,297000,78000,219000,26,68.0,4.7,147336.0,JM STORE,974.0,4.6941,False,3894.0,895.0
106281201,"Combo 3 quần lót nam thun lạnh tam giác màu trơn đơn giản, sịp nam cạp nhỏ QLJ03",OEM,109000,0,109000,0,12.0,4.0,135215.0,Yen Vi Shop,1048.0,4.6318,False,1931.0,162.0
205226439,Áo Thể Thao Nam cổ tròn tay ngắn tập gym vải thun lạnh thoáng mát co giãn chuẩn form MSSAHS,Tsimple,149000,54000,95000,36,164.0,4.8,33099.0,TSIMPLE OFFICIAL STORE,1496.0,4.6513,True,3654.0,835.0
97861287,COMBO 3 Áo thun trơn nam form rộng phong cách hàn quốc vải poly cotton mịn MÀU ĐEN-TRẮNG-XÁM SIÊU SALE !! SIÊU SALE,OEM,61900,0,61900,0,43.0,3.5,202224.0,Thu Thảo Fashion Shop,676.0,3.527,False,296.0,46.0
182968034,"quần lót nam relax uderwear cotton cao cấp chính hãng siêu xịn, quần sịp nam rl003",Relax,69000,0,69000,0,218.0,4.5,225222.0,Relax Store,596.0,4.6991,False,113.0,60.0
83519454,ÁO THUN NAM DÀI TAY CỔ SƠ MI PHONG CÁCH HÀN QUỐC ATD01-XANH ĐEN,OEM,193700,67050,126650,35,45.0,4.1,22563.0,sitaki store,1531.0,4.0966,False,766.0,68.0
74209205,"Áo thun One Piece Zoro T01 , áo phông One Piece Zoro Unisex Nam Nữ có Size bé từ 25-95kg",OEM,35000,0,35000,0,64.0,4.6,75291.0,Xưởng Thời Trang Hùng,1345.0,3.9528,False,3074.0,642.0
221277108,Quần Đùi Nam FASVIN dáng lửng Vải Đẹp Hàng Nhà Máy Chất Lượng Cao Thể Thao Hay Mặc Nhà T23558.HN,Fasvin,209000,10000,199000,5,2.0,4.5,159408.0,Fasvin quần áo thể thao,719.0,4.74,True,450.0,215.0
180747208,Quần đùi nam bigsize thể thao mặc nhà,OEM,31000,0,31000,0,20.0,4.0,87973.0,Hoàng Kim Kiệt,1271.0,3.5798,False,721.0,112.0
191219954,"Áo Thun Nam, Áo Polo Nam Có Cổ Côtton Cao Cấp mẫu mới 2022 phối sọc cực đẹp 4 màu sang trọng lịch lãm",OEM,75000,0,75000,0,22.0,4.1,204989.0,Shopmapki,668.0,4.198,False,293.0,52.0
90219503,Áo Thun Nam Nữ From Rộng - Hình Con Mèo Cực Dễ Thương,OEM,26000,0,26000,0,46.0,4.1,180638.0,FASHION TREND,754.0,3.525,False,4653.0,1463.0
76437071,Áo Chống Nắng Dành Cho Nam Thoáng Mát Chống UV CN11 Cao Cấp,OEM,79000,0,79000,0,32.0,4.7,148660.0,M O N Boutique,970.0,4.3293,False,1488.0,570.0
31201905,Áo thun nam tay ngắn Khatoco A2MN378R2-VNMA036-1811-N,KHATOCO ,378000,249000,129000,66,41.0,5.0,46647.0,THỜI TRANG KHATOCO,1456.0,4.7414,True,4900.0,1098.0
67516385,Áo sơ mi nam tay dài caro xanh họa tiết chìm Khatoco A1MD388T1-CNCR097-2112-D,KHATOCO ,388000,116400,271600,30,13.0,5.0,46647.0,THỜI TRANG KHATOCO,1456.0,4.7414,True,4900.0,1098.0
198364527,Quần short nam vải mềm Khatoco Q3M378R0-CNMA002-2009-009-ĐEN ĐỐM,KHATOCO ,378000,229000,149000,61,70.0,4.8,46647.0,THỜI TRANG KHATOCO,1456.0,4.7414,True,4900.0,1098.0
67516826,Áo sơ mi nam tay ngắn tím họa tiết Khatoco A1MN468T2-CNIN035-2110-N,KHATOCO ,468000,140400,327600,30,29.0,5.0,46647.0,THỜI TRANG KHATOCO,1456.0,4.7414,True,4900.0,1098.0
30763890,Quần kaki nam 1 ply ống đứng Khatoco Q2M468R1-VNMA011-1907-1,KHATOCO ,468000,299000,169000,64,108.0,4.8,46647.0,THỜI TRANG KHATOCO,1456.0,4.7414,True,4900.0,1098.0
20525986,Áo Sơ Mi Nam Tay Dài Khatoco A1MD598T1-CNMK007-2004-D,KHATOCO ,598000,409000,189000,68,96.0,5.0,46647.0,THỜI TRANG KHATOCO,1456.0,4.7414,True,4900.0,1098.0
30763822,Quần kaki nam 1 ply ống đứng Khatoco Q2M468R1-VNMA013-1908-1,KHATOCO ,468000,299000,169000,64,30.0,4.3,46647.0,THỜI TRANG KHATOCO,1456.0,4.7414,True,4900.0,1098.0
20526245,Áo Sơ Mi Nam Tay Dài Khatoco A1MD598T1-THCR081-2005-D- Xanh,KHATOCO ,598000,409000,189000,68,17.0,5.0,46647.0,THỜI TRANG KHATOCO,1456.0,4.7414,True,4900.0,1098.0
30763873,Quần short kaki nam Khatoco Q3M378R0-VNIN002-2011-019,KHATOCO ,378000,229000,149000,61,76.0,4.8,46647.0,THỜI TRANG KHATOCO,1456.0,4.7414,True,4900.0,1098.0
75601328,"áo hoodie nam nữ, áo hoodie nữ, áo hoodie nam, áo hoodie ulzzang, áo hoodie unisex, Áo Hoodie Nỉ Bông Unisex Streetwear Lục Lăng ( unisex nam nữ đều mặc được)",Jinrinteen,100000,0,100000,0,78.0,4.6,43788.0,jinshopteen,1466.0,4.1979,False,4821.0,1817.0
172322104,"TOKYO, mã G159. Áo thun hàng hiệu GOKING, form unisex cho nam nữ, trẻ em, bé trai gái. Áo phông in hình chữ đẹp. Quà tặng cao cấp cho gia đình, cặp đôi, hội nhóm, doanh nghiệp",GOKING,69000,0,69000,0,85.0,4.8,18138.0,GOKING,1592.0,4.6657,False,9085.0,2669.0
94808483,"Quần Baggy, quan jean xuong,quần bò nam, nữ ,dáng ống suông, rộng nam- hot trend 2021",OEM,121000,0,121000,0,153.0,3.7,62358.0,Hương Nemo Style,1396.0,3.9108,False,5540.0,857.0
53745830,"Áo thun nam thể thao trơn, cổ tròn đẹp, trẻ trung, mặc thoáng mát, thấm hút tốt, đủ size 25kg-92kg (Trắng) - XS",VHL,27000,1000,26000,4,1744.0,4.6,157006.0,BẢO BẢO MART,908.0,4.282,False,8488.0,1754.0
110181593,Áo sơ mi nam cộc tay MAY 10 mã  010120003 AH239,May 10,203000,24000,179000,12,44.0,4.6,16588.0,May 10,1605.0,4.574,False,7995.0,2286.0
172305521,"Áo thun polo nam thể thao LADOS - 9080 có cổ bẻ, vải thun lạnh, phông rộng",LADOS,249000,110000,139000,44,237.0,4.7,175389.0,Thời Trang Lados,639.0,4.6093,True,2434.0,1832.0
56041700,"Quần bơi nam cao cấp, đồ bơi nam boxer đẹp",OEM,220000,21000,199000,10,113.0,5.0,33926.0,Sona Activewear,1500.0,4.6342,False,894.0,122.0
172283135,"PARIS, mã G108. Áo phông GOKING hàng hiệu, form unisex cho nam nữ, trẻ em, bé trai gái. Áo thun in hình siêu đẹp, quà tặng cao cấp cho gia đình, cặp đôi, hội nhóm, doanh nghiệp",GOKING,69000,0,69000,0,103.0,4.8,18138.0,GOKING,1592.0,4.6657,False,9085.0,2669.0
114446808,"Quần tây nam màu xanh đen, ống đứng, không ly, đồng phục học sinh, công sở, thương hiệu Amazing, có size 100kg",Amazing,309000,93000,216000,30,89.0,4.7,9354.0,Amazing,1695.0,4.4712,True,1182.0,340.0
216371453,"Áo Thun Nam Ngắn Tay Cổ Tròn 5S COMFORT, Chất Liệu Cotton USA, Mát, Mềm Mịn, Thấm Hút Tốt, In Trẻ Trung (TSO23002)",5S,229000,74000,155000,32,17.0,5.0,25955.0,5S FASHION,1521.0,4.657,True,33438.0,11457.0
99995337,Áo thun nam nữ unisex from rộng in hình chú mèo cầm chảo may mắn,OEM,11000,0,11000,0,226.0,4.2,180638.0,FASHION TREND,754.0,3.525,False,4653.0,1463.0
126596446,"Áo thun cổ tròn vải xịn, form đẹp Lados - 29021, unisex, chất thun 100% cotton 4 chiều, không ra màu, không xù lông",LADOS,199000,60000,139000,30,37.0,4.6,175389.0,Thời Trang Lados,639.0,4.6093,True,2434.0,1832.0
109840857,"Quần Jocker ống rộng bo gót in hình Heroes có túi sau sành điệu, quần thun nỉ dài ống rộng nam phong cách Hàn Quốc",OEM,92000,0,92000,0,92.0,4.3,107387.0,Ruby Sen Hồng,1180.0,4.274,False,2482.0,1043.0
158790391,"Quần jogger nam túi hộp chất kaki cotton mềm mịn, nhiều túi dây khóa gài màu đen, phong cách đường phố, hàn quốc JNEAS",OEM,185000,0,185000,0,42.0,4.1,250052.0,GOLOV STORE,521.0,4.4725,False,455.0,128.0
85255932,Áo sơ mi nam dài tay họa tiết kẻ caro thời trang hàn quốc,OEM,245000,0,245000,0,95.0,4.5,172756.0,Sport New Store,794.0,4.3672,False,1506.0,572.0
205187503,[MUA 1 TẶNG 1] Áo Thể Thao Nam TSIMPLE cổ tròn tay ngắn tập gym vải thun lạnh thoáng mát co giãn chuẩn form MSSAHP4,Tsimple,149000,54000,95000,36,49.0,5.0,33099.0,TSIMPLE OFFICIAL STORE,1496.0,4.6513,True,3654.0,835.0
112086654,"Quần Túi Hộp Nam Lính Mỹ US ARMY U768 Cao Cấp, Chất Liệu Vải Kaki,Bền Màu, Ống Rộng Phong Cách, Thiết kế Túi Hộp- HÀNG CHÍNH HÃNG",US ARMY,1000000,500000,500000,50,65.0,5.0,276201.0,US ARMY OFFICIAL,407.0,4.7328,True,2163.0,275.0
174177843,"Quần Dài Nam Thể Thao GUZADO Chất Vải Gió Cao Cấp,Ống Suông,Khỏe Khoắn, Cạp Chun, Vận Động Thoải Mái GDC2101",GUZADO,214500,0,214500,0,63.0,4.5,141397.0,GUZADO,1010.0,4.4147,True,475.0,244.0
196898067,BỘ ĐỒ NAM THỂ THAO THUN COTTON NAM TÍNH - NMEN,OEM,59000,0,59000,0,22.0,5.0,238690.0,Trang Kim Shop,556.0,4.1032,False,126.0,59.0
205224186,Áo Thể Thao Nam TSIMPLE cổ tròn tay ngắn tập gym vải thun lạnh thoáng mát co giãn chuẩn form MSSAHP7,Tsimple,149000,50000,99000,34,63.0,4.8,33099.0,TSIMPLE OFFICIAL STORE,1496.0,4.6513,True,3654.0,835.0
215072155,"áo khoác bò nam siêu đảng cấp, áo năng động trẻ trung và cá tính, chất vải dày dặn thoáng mát, lên phom cực đẹp - N51",OEM,550000,179000,371000,33,9.0,4.3,323919.0,HẺM FASHION STORE,124.0,4.3333,False,6.0,5.0
141959880,Quần nam Quần đũi dài nam ống suông Form Slimfit dáng âu,OEM,86000,17000,69000,20,584.0,4.5,234223.0,86 Store,565.0,4.4739,False,287.0,23.0
73742258,"Combo 5 Quần Lót Nam nhiều lưng co giãn 2 chiều vải cotton hiệu CITYMEN, màu ngẫu nhiên, đồ lót - LMTK-MULTI2C",CM,90000,45800,44200,51,798.0,4.5,9311.0,THỜI TRANG LIÊN MINH,1699.0,4.5213,False,18594.0,5143.0
48275273,COMBO 05 Quần đùi nam c mềm mát (mẫu caro < 80kg ),OEM,93000,0,93000,0,118.0,4.3,164221.0,Giadinhshop2020,850.0,2.931,False,2451.0,507.0
103076103,"áo ba lỗ nam, áo 3 lỗ nam sợi cotton Organic mềm mịn siêu thoáng mát thấm hút mồ hôi JAMANO",JAMANO,99000,20000,79000,20,869.0,4.8,147336.0,JM STORE,974.0,4.6941,False,3894.0,895.0
189604016,"Combo 2 chiếc quần đùi nam thể thao Sport ngắn, quần short nam vải thun Poly 2 Da thoáng mát, độ co giãn cao hút ẩm tốt - Màu đen và xanh đen",AK Corner,255000,126000,129000,49,42.0,4.8,175215.0,A K CORNER,782.0,4.6174,True,1422.0,243.0
70937555,Áo khoác kaki nam 2 lớp thời trang SITAKI cao cấp AKK18,SITAKI,175000,17500,157500,10,288.0,3.7,22563.0,sitaki store,1531.0,4.0966,False,766.0,68.0
217167501,"Áo Polo Nam 5S ALTITUDE, Chất Liệu Viscose Siêu Mềm Mịn, Thoáng Mát, Thiết Kế Basic, Trẻ Trung, Lịch Lãm (APC23015)",5S,389000,154000,235000,40,9.0,5.0,25955.0,5S FASHION,1521.0,4.657,True,33438.0,11457.0
91861046,Áo sơ mi nam tay dài form slim ôm sọc xanh Khatoco A1MD388S1-THSC039-2009-D,KHATOCO ,388000,199000,189000,51,76.0,5.0,46647.0,THỜI TRANG KHATOCO,1456.0,4.7414,True,4900.0,1098.0
30685141,Áo Sơ Mi Nam Tay Dài Form Slim Khatoco A1MD468S1-CNMK017-2011-D - Size,KHATOCO ,468000,279000,189000,60,10.0,5.0,46647.0,THỜI TRANG KHATOCO,1456.0,4.7414,True,4900.0,1098.0
176301618,Áo khoác nỉ bông cotton dày mịn - hoodie form rộng unisex mosevjue - 2N Unisex,OEM,275000,66000,209000,24,12.0,5.0,146806.0,2N Unisex,978.0,4.6915,False,885.0,635.0
162427290,"Quần Đùi Nam Vải Gió 5S (5 Màu) Thiết Kế Thể Thao, Công Nghệ Dry Thoáng Khí, Không Nhầu, Thấm Mồ Hôi Tốt",5S,269000,100000,169000,37,721.0,4.7,25955.0,5S FASHION,1521.0,4.657,True,33438.0,11457.0
114144333,"Quần đùi MAY 10 loại mở moi, có cúc cài thuận tiện (giao màu ngẫu nhiên)",May 10,45000,1000,44000,2,601.0,4.5,16588.0,May 10,1605.0,4.574,False,7995.0,2286.0
14064627,"Combo 2 Áo phông ba lỗ thoát nhiệt Nhật Bản , áo lót nam hàng hiệu cao cấp xuất khẩu",GOKING,258000,0,258000,0,335.0,4.7,18138.0,GOKING,1592.0,4.6657,False,9085.0,2669.0
171554484,"Áo Ba Lỗ Nam 5S (7 màu), Vải Cotton Mềm Mại, Thấm Hút Mồ Hôi, Co Giãn Cực Tốt, Kiểu Dáng Thể Thao, Thoải Mái Vận Động",5S,179000,44000,135000,25,337.0,4.8,25955.0,5S FASHION,1521.0,4.657,True,33438.0,11457.0
20521578,Áo Sơ Mi Nam Tay Ngắn Khatoco A1MN538T1-CNCR117-2010-N,KHATOCO ,538000,369000,169000,69,105.0,4.8,46647.0,THỜI TRANG KHATOCO,1456.0,4.7414,True,4900.0,1098.0
181114097,"Quần jean nam co giãn cao cấp trơn Lados-4068 Form slimfit chuẩn, thoải mái, không xù lông, ra màu",LADOS,549000,254000,295000,46,80.0,4.6,175389.0,Thời Trang Lados,639.0,4.6093,True,2434.0,1832.0
165031772,"Quần Short Thể Thao Nam BREATHABLE 5S (5 màu), Chất Vải Gió Cao Cấp Chống Nhăn, Nhanh Khô. Vận Động Thoải Mái",5S,269000,134000,135000,50,581.0,4.7,25955.0,5S FASHION,1521.0,4.657,True,33438.0,11457.0
131302969,ÁO KHOÁC DÙ NAM BOMBER UNISEX MÀU SẮC SINH ĐỘNG,OEM,97000,0,97000,0,105.0,3.8,232270.0,PIKACHU SHOP,572.0,3.3028,False,142.0,27.0
142781683,Áo len nam dài tay phối cổ tròn cao cấp mẫu mới hot trend 2023 Micado,Micado,249000,60000,189000,24,106.0,4.5,4055.0,Venado,1754.0,4.2558,False,692.0,147.0
97823540,Áo Khoác Big Size Áo Khoác Dù Nam Có Cổ Trụ Chống Nắng Chống Nóng Chống Lạnh Chống Gió 2 Lớp Phối Logo Sọt Thời Trang Nam Tính Hàn Quốc Giá Tốt AD70,N6,175000,46000,129000,26,687.0,4.5,28688.0,ShopN6,1514.0,4.1958,False,5403.0,682.0
191521107,Áo Gió Bomber Nam Nữ Form Rộng 2 Lớp 7Zia Vải Dày Mịn Thoáng Mát Thiết Kế Thời Trang Kiểu Dáng Năng Động,NHUH20,139000,50000,89000,36,8.0,3.7,232000.0,thoitrangthienphucunisex,572.0,4.2596,False,940.0,565.0
75142258,Quần jean nam cao cấp vải xịn,VONESA,110000,0,110000,0,256.0,2.9,57049.0,Xưởng May Thời Trang Nguyễn Hùng,1415.0,3.8775,False,3437.0,571.0
205297516,"Áo Polo nam/ Áo thun nam cổ bẻ - MOUSE BASIC Black - Vải cá sấu lạnh xuất khẩu - Form chuẩn, sang trọng, chỉn chu, thời thượng",OEM,329000,164000,165000,50,6.0,5.0,279718.0,MOUSE ME,396.0,4.9692,False,65.0,17.0
186552687,"Áo vest,áo vest nam với chất POLY chéo hàn cao cấp ,lịch lãm,sang trọng,hàng thiết kế cao cấp H60",OEM,489000,117360,371640,24,11.0,4.3,281236.0,FASHION YUKI SHOP,389.0,4.4615,False,13.0,14.0
82514193,"Quần jogger nam túi hộp, chất gió dù mềm mịn phong cách đường phố K06",OEM,99000,0,99000,0,25.0,4.0,172756.0,Sport New Store,794.0,4.3672,False,1506.0,572.0
29976829,Áo Vest Nam Thời Trang Phối Viền Túi Nhiều Màu AVNM01,HM VESTON,700000,350000,350000,50,35.0,4.5,112898.0,HMVESTON STORE,1154.0,4.5686,True,153.0,160.0
73748479,Combo 4 Quần Lót Nam cao cấp | quần xì nam | quần sịp nam | lưng nhật | vải thun lạnh 4 chiều | hiệu CM | kiểu brief | tam giác truyền thống | đồ lót nam - Giao màu ngẫu nhiên,CM,150000,82900,67100,55,463.0,4.7,9311.0,THỜI TRANG LIÊN MINH,1699.0,4.5213,False,18594.0,5143.0
76695833,Áo Thun Nam Cổ bẻ Thêu Chữ Ngang Ngực Bảo Bảo Store,BẢO BẢO STORE,100000,42000,58000,42,724.0,4.3,157006.0,BẢO BẢO MART,908.0,4.282,False,8488.0,1754.0
7597489,Áo khoác jean nam phong cách Hàn Quốc AKJN012 (Xanh bò),OEM,166000,109000,57000,66,13.0,5.0,157006.0,BẢO BẢO MART,908.0,4.282,False,8488.0,1754.0
222665357,Quần đùi short nam thể thao Biluxury 6QDGH002 form vừa ôm tôn dáng khỏe khoắn năng động,Biluxury,249000,90000,159000,36,8.0,4.8,3411.0,Biluxury Official,1814.0,4.561,True,1836.0,6255.0
89464375," Quần lót nam thun lạnh nhật bản, quần sịp đúc không đường may không viền",OEM,34900,0,34900,0,170.0,4.5,160608.0,AT HOME,877.0,4.3752,False,3148.0,289.0
132103767,"Quần lót nam thun lạnh nhật bản, quần sịp đúc không đường may không viền, Hỗ trợ che sản phẩm nếu có nhu cầu",OEM,34000,0,34000,0,122.0,4.3,160608.0,AT HOME,877.0,4.3752,False,3148.0,289.0
81141012,"Quần Jean Nam cao cấp chất bò siêu co dãnThương Hiệu Chandi, form đứng dáng đẹp mẫu mới siêu hot MR9031",Chandi,299000,156000,143000,52,394.0,4.5,18150.0,CHANDI OFFICIAL STORE,1591.0,4.5967,True,10010.0,1663.0
201359185,Miếng độn quần lót nam - độn trước sexy,OEM,25000,0,25000,0,11.0,5.0,150667.0,Fashion Trending,959.0,4.3344,False,969.0,262.0
81209773,"Quần Bò Nam cao cấp thương hiệu Chandi, chất jean co dãn Hot Trend mã MR9041",Chandi,299000,121000,178000,40,552.0,4.5,18150.0,CHANDI OFFICIAL STORE,1591.0,4.5967,True,10010.0,1663.0
15784024,Áo Khoác Nam Áo Khoác Dù Dày Nam Trơn  Cao Cấp ShopN6 - AD34,N6,245000,102000,143000,42,2604.0,4.5,28688.0,ShopN6,1514.0,4.1958,False,5403.0,682.0
73214429,Áo Khoác Nam Áo Khoác Dù Nam Nữ Hai Lớp Chống Nước Chống Nắng Chống Gió Phối Nón Cao Cấp QD54 - ShopN6 (Nhiều Màu),N6,189000,67000,122000,35,390.0,4.6,28688.0,ShopN6,1514.0,4.1958,False,5403.0,682.0
16910398,"Combo 5 Quần Lót Nam vải cotton 2 chiều lưng CITYMEN, màu ngẫu nhiên, đồ lót - LMTK-CTM2C",CITYMEN,100000,41400,58600,41,5131.0,4.5,9311.0,THỜI TRANG LIÊN MINH,1699.0,4.5213,False,18594.0,5143.0
207772078,Quần lót nam không đường may Brief Seamless iBasic PANM094,iBasic,159000,75000,84000,47,18.0,5.0,126.0,iBasic Official Store,2200.0,4.7149,True,3648.0,11168.0
188566676,Combo 3 quần lót nam tam giác thun cotton iBasic PANM045,iBasic,237000,37000,200000,16,19.0,4.8,126.0,iBasic Official Store,2200.0,4.7149,True,3648.0,11168.0
174179326,"Quần Dài Thể Thao Nam GUZADO, Chất Vải Gió Mềm,Mịn, Không Nhăn Nhàu, Cạp Chun Trẻ Trung, Phong Cách GDC2102",GUZADO,390000,0,390000,0,46.0,4.3,141397.0,GUZADO,1010.0,4.4147,True,475.0,244.0
17616580,"Combo 3 Chiếc Quần Lót Nam Boxer Chất Liệu Sợi Tre Bamboo Cao Cấp Aristino AD 15 Kháng Khuẩn, Mạnh Mẽ, Nam Tính - Hàng Chính Hãng",Aristino,450000,90000,360000,20,509.0,4.7,32410.0,AFAST VIỆT NAM,1496.0,4.6448,False,6720.0,3191.0
11270133,Quần Jean Nam Đen Dáng Ôm Chất Co Giãn JEAN01,OEM,112000,0,112000,0,418.0,4.6,62358.0,Hương Nemo Style,1396.0,3.9108,False,5540.0,857.0
163029309,Áo Sơ Mi Nam Công Sở Trung Niên Thương Hiệu Anton Dài Tay Vải Cotton Kẻ Sọc Đôi Màu Xanh - 327,SOMIANTON,325000,60000,265000,18,8.0,4.8,43966.0,Sơ mi Anton,1466.0,4.6953,True,256.0,248.0
15997524,Combo sỉ gồm 5 quần lót đùi nam xuất nhật - quần boxernam,OEM,76000,0,76000,0,195.0,2.7,164221.0,Giadinhshop2020,850.0,2.931,False,2451.0,507.0
92393846,Áo sơ mi nam tay ngắn form suông lai bằng caro xanh Khatoco A1MN438T2-CNCR119-2112-N,KHATOCO ,438000,131400,306600,30,36.0,5.0,46647.0,THỜI TRANG KHATOCO,1456.0,4.7414,True,4900.0,1098.0
171544701,"Áo Sát Nách Nam 5S (6 màu) Vải Cotton, Mềm Mịn, Thoáng Mát, Dáng Thể Thao Thoải Mái Vận Động",5S,219000,84000,135000,38,522.0,4.8,25955.0,5S FASHION,1521.0,4.657,True,33438.0,11457.0
67294320,"Quần đùi thái, quần nam mặc ở nhà",OEM,27000,0,27000,0,152.0,3.8,146318.0,THỂ THAO PHƯƠNG ĐÔNG,975.0,3.965,False,486.0,60.0
110309352,"ÁO LÓT TAY NGẮN COTTON CATRIO LÀ ÁO THUN, ÁO PHÔNG, ÁO NGẮN TAY CỦA NAM TỪ 50KG ĐẾN 83KG thuộc đồ mặc đi ngủ, mặc ở nhà, mặc lót bên trong áo sơ mi, vải 100% cotton an toàn",CATRIO,65000,0,65000,0,493.0,4.8,52324.0,Thời trang Catrio,1433.0,4.4092,True,545.0,139.0
199679659,"Quần lót nam Boxer Air Seven co giãn 4 chiều, lưng thun nhỏ, công nghệ thoáng khí - màu Đen",OEM,50000,23000,27000,46,47.0,5.0,8172.0,Airseven,1727.0,4.6721,False,912.0,228.0
144171958,Quần đùi ngủ  nam kate cao cấp mặc nhà,OEM,56000,13000,43000,23,210.0,4.6,232587.0,THỜI TRANG NỮ MẶC NHÀ ROSE,570.0,4.6667,False,75.0,139.0
84963179,"Áo Thun Trơn Basic Nam Nữ Đều Mặc Được - Phong Cách Trẻ Trung, Nhiều Màu, Nhiều Size Phù Hợp Với Mọi Người - ATT01",OEM,18000,0,18000,0,328.0,2.6,180638.0,FASHION TREND,754.0,3.525,False,4653.0,1463.0
163149118,Áo Sơ Mi Trơn Vải Lụa Tay Ngắn Cho Nam LADOS - 8069,LADOS,199000,70000,129000,35,308.0,4.7,175389.0,Thời Trang Lados,639.0,4.6093,True,2434.0,1832.0
168224742,"[COMBO 3 QUẦN] Quần Lót Nam Boxer Thun Lạnh Lados 4116 - Thun lụa co giãn, dai, thoáng mát, thấm hút mồ hôi tốt",LADOS,180000,85000,95000,47,50.0,4.6,175389.0,Thời Trang Lados,639.0,4.6093,True,2434.0,1832.0
214153201,"siêu phẩm áo khoác nam thiết kế phong cách sơ mi cực chất, phom áo ôm vừa phải tôn dáng dầy nam tính và năng động - H30",OEM,477000,176490,300510,37,3.0,4.3,323445.0,UMI STYLE STORE,130.0,3.6667,False,12.0,9.0
207559226,"Áo Polo nam/ Áo thun nam cổ bẻ - MOUSE GENTLE White - Vải cá sấu lạnh xuất khẩu - Phom chuẩn, sang trọng, chỉn chu",OEM,329000,164000,165000,50,6.0,5.0,279718.0,MOUSE ME,396.0,4.9692,False,65.0,17.0
31593544,Quần Sọt Jean Nam,OEM,90000,0,90000,0,,,,,,,,,
116126117,"Áo sơ mi nam trắng dài tay công sở cao cấp chất lụa Hamino form slimfit ôm dáng thời trang Hàn Quốc màu trắng đen hàng VNXK, áo sơ mi nam dài tay công sở Hàn quốc cao cấp đen trắng",OEM,85000,0,85000,0,176.0,4.5,62358.0,Hương Nemo Style,1396.0,3.9108,False,5540.0,857.0
48564731,Áo sơ mi đũi ngắn tay cổ bẻ cao cấp,OEM,150000,0,150000,0,78.0,3.3,75291.0,Xưởng Thời Trang Hùng,1345.0,3.9528,False,3074.0,642.0
30885248,Combo 3 Chiếc Quần Lót Nam Aristino ABF16-15,Aristino,375000,75000,300000,20,623.0,4.8,32410.0,AFAST VIỆT NAM,1496.0,4.6448,False,6720.0,3191.0
117902589,"ÁO HOODIE NÓN NAM NỮ MÀU ĐEN VẢI NỈ POLY IN SÚNG NƯỚC Unisex hoodie,Áo Khoác Nỉ Hoodie In Datlity, Áo Khoác Nỉ Hoodie Unisex Nam Nữ Cao Cấp",Jinrinteen,100000,0,100000,0,58.0,4.8,91496.0,Jins Store,1279.0,4.1599,False,3045.0,840.0
136792823,Áo phông nam ngắn tay cao cấp đẹp cổ tròn chất vải cotton co giãn 4 chiều thoáng mát ZAVAS  Z14,ZAVAS,289000,90000,199000,31,167.0,4.8,173920.0,ZAVAS OFFICIAL,661.0,4.8186,True,485.0,411.0
195882562,"Hộp 5 quần lót nam Boxer cao cấp nhiều lưng vải cotton 4 chiều có phối lưới mịn mát thoáng khí co giãn đàn hồi tốt, nhiều màu, quần xì đồ lót sịp đùi nam - ( Giao màu ngãu nhiên )",CITYMEN,140000,55900,84100,40,40.0,4.7,9311.0,THỜI TRANG LIÊN MINH,1699.0,4.5213,False,18594.0,5143.0
78488223,"Quần Bò Nam cao cấp thương hiệu Chandi,  chất jean co dãn mẫu mới mã HD54",Chandi,299000,161000,138000,54,91.0,4.8,18150.0,CHANDI OFFICIAL STORE,1591.0,4.5967,True,10010.0,1663.0
67734872,"Áo sơ mi nam trắng trơn Julido, chất lụa không bai nhão không xù lông tôn dáng ôm form mẫu TOP",Julido Store,199000,80000,119000,40,303.0,4.2,18020.0,Julido Store,1596.0,4.3907,True,14120.0,3504.0
52189164,Combo 3 quần lót nam sợi cotton Organic mềm mịn thoáng mát co giãn 4 chiều MRM Manlywear (TẶNG Đôi Tất Nam Cao Cấp màu ngẫu nhiên),MRM Manlywear,255000,56000,199000,22,3177.0,4.6,55147.0,MRM Manlywear Official,1410.0,4.7069,True,11627.0,2938.0
76121291,"Áo Khoác Jean Nam phối rách thương hiệu Julido Store, Áo Khoác được yêu thích 2021 mẫu KR01",Julido Store,230000,81000,149000,35,237.0,4.5,18020.0,Julido Store,1596.0,4.3907,True,14120.0,3504.0
100023913,"Áo Sơ Mi Đũi Nam TSIMPLE, Áo Đũi Nam Ngắn Tay Cổ Tàu, Chất Đũi cao cấp Nhiều màu",Tsimple,300000,131000,169000,44,39.0,4.6,33099.0,TSIMPLE OFFICIAL STORE,1496.0,4.6513,True,3654.0,835.0
139463686,Quần Jean công sở cho nam,OEM,397000,0,397000,0,22.0,4.8,241131.0,Rice green shop,548.0,4.6,False,10.0,5.0
148994401,"Quần Lót Nam Tam Giác Thun Lạnh, Quần Sịp Nam Tam Giác Cao Cấp, Chất Thun Lạnh Đẹp, Co Dãn 4 Chiều",OEM,40000,0,40000,0,154.0,4.7,118557.0,Beean store,1132.0,4.4362,False,713.0,96.0
180747197,Đến 100kg - Quần đùi nam quần short thể thao mặc nhà tập gym có bigsize,OEM,49000,0,49000,0,108.0,4.6,87973.0,Hoàng Kim Kiệt,1271.0,3.5798,False,721.0,112.0
209645153,Áo thun nam dài tay trơn giữ nhiệt Biluxury co giãn thoải mái 6ATOB001NN ( Màu ngẫu nhiên ),Biluxury,199000,99500,99500,50,63.0,4.6,3411.0,Biluxury Official,1814.0,4.561,True,1836.0,6255.0
86988226,"Quần Jogger Nam thể thao túi hộp thương hiệu Chandi, chất kaki bo chân xu hướng mới nhất CD5",Chandi,299000,149000,150000,50,183.0,4.3,18150.0,CHANDI OFFICIAL STORE,1591.0,4.5967,True,10010.0,1663.0
30768234,Áo sơ mi nam cổ trụ chui đầu dài tay kẻ sọc trắng đen,OEM,159000,0,159000,0,35.0,4.5,21636.0,SOMINAM,1517.0,4.431,False,652.0,155.0
76271955,"Quần Lót Nam tam giác vải cotton co giãn 2 chiều lưng Thái hiệu CITYMEN, màu ngẫu nhiên, đồ lót - LMTK-THAI2C",CITYMEN,20000,11500,8500,58,856.0,4.7,9311.0,THỜI TRANG LIÊN MINH,1699.0,4.5213,False,18594.0,5143.0
16712370,Áo Khoác Kaki Nam Hai Lớp Simple Cao Cấp ShopN6-KK35,N6,245000,76000,169000,31,3877.0,3.9,28688.0,ShopN6,1514.0,4.1958,False,5403.0,682.0
104192913,"Quần Lót Nam sợi thun lạnh thông hơi kháng khuẩn, Quần Sịp Nam co giãn 4 chiều thấm hút mồ hôi cực tốt thương hiệu BAW (combo 3 màu ngẫu nhiên) NT7987",Baw,129000,30000,99000,23,329.0,4.5,172456.0,Baby and Underwear Store,795.0,4.5525,False,11076.0,2471.0
98690795,ÁO CHỐNG NẮNG NAM THÔNG HƠI,OEM,62000,0,62000,0,582.0,4.6,186446.0,Xưởng may Xubi,725.0,4.6909,False,783.0,212.0
19739465,Combo 3 quần lót nam trunk iBasic PANM078,iBasic,357000,156000,201000,44,211.0,5.0,126.0,iBasic Official Store,2200.0,4.7149,True,3648.0,11168.0
188916034,Quần Đùi Nam Thun Lạnh Cao Cấp FASVIN HL22497.HN Hàng Nhà Máy Chất Lượng Đặc Biệt,Fasvin,338000,159000,179000,47,22.0,5.0,159408.0,Fasvin quần áo thể thao,719.0,4.74,True,450.0,215.0
82940840,Hộp 3 quần lót 5D nam cao cấp 3A-Quần lót nam boxer kháng khuẩn cao cấp,OEM,38990,0,38990,0,27.0,3.3,160608.0,AT HOME,877.0,4.3752,False,3148.0,289.0
68202834,"Combo 2 áo ba lỗ nam, áo sát nách nam,sợi cotton cao cấp mềm mịn, thấm hút mồ hôi, siều thoáng mát, co giãn 4 chiều Mrm Manlywear - MM",MRM Manlywear,310000,61000,249000,20,697.0,4.7,55147.0,MRM Manlywear Official,1410.0,4.7069,True,11627.0,2938.0
176769589,"Quần bơi big size cho nam giới béo mập, có size lớn đến 125kg, dáng sooc đùi dài, chất thun bơi lạnh dày dặn co giãn 4 chiều | BN017",OEM,180000,0,180000,0,16.0,4.5,63850.0,monkibaby,1279.0,4.4957,False,1037.0,280.0
198584661,Áo Sơ Mi Nam Tay Ngắn Khatoco A1MN388T2-CNCR109-2212-N-CARO XÁM XANH,KHATOCO ,388000,116400,271600,30,11.0,5.0,46647.0,THỜI TRANG KHATOCO,1456.0,4.7414,True,4900.0,1098.0
20573904,Áo Sơ Mi Nam Tay Dài Khatoco A1MD388S1-CNSC009-2102-D,KHATOCO ,388000,116400,271600,30,25.0,5.0,46647.0,THỜI TRANG KHATOCO,1456.0,4.7414,True,4900.0,1098.0
30030737,Quần Khaki Nam Không Ply Ống Ôm Khatoco Q2M528S0-VNMA002-1811-0004,KHATOCO ,528000,329000,199000,62,223.0,4.8,46647.0,THỜI TRANG KHATOCO,1456.0,4.7414,True,4900.0,1098.0
20525977,Áo Sơ Mi Nam Tay Dài Khatoco A1MD598T1-THCR080-2005-D,KHATOCO ,598000,409000,189000,68,68.0,5.0,46647.0,THỜI TRANG KHATOCO,1456.0,4.7414,True,4900.0,1098.0
102865038,Áo Lót Nam Đông Xuân Xuất Nhật Maxtino Màu Trắng (Cộc Tay / Ba Lỗ),OEM,21000,0,21000,0,94.0,3.7,180638.0,FASHION TREND,754.0,3.525,False,4653.0,1463.0
136157116,"Áo phông nam, áo thun nam có cổ tay ngắn vải thun cotton 100% mặc thoáng mát - ATN03",OEM,83000,0,83000,0,39.0,4.0,62358.0,Hương Nemo Style,1396.0,3.9108,False,5540.0,857.0
162526851,Áo Sơ Mi Nam Công Sở Trung niên Ngắn tay Họa Tiết Chấm Bi Nhỏ Màu Trắng Vải Cotton thương hiệu Anton 808,SOMIANTON,328000,103000,225000,31,49.0,4.8,43966.0,Sơ mi Anton,1466.0,4.6953,True,256.0,248.0
186575311,"Quần Lót Nam Boxer Thun Lụa 5S Không Đường May, Thoáng Khí, Kháng Khuẩn, Co Giãn Cực Dễ Chịu (BOX22020)",5S,139000,54000,85000,39,103.0,5.0,25955.0,5S FASHION,1521.0,4.657,True,33438.0,11457.0
150213927,"Quần kaki túi hộp bảo hộ lao động nam nữ SHUNI loại dày cho kỹ sư cơ khí, xây dựng,hóa dầu, sơn",OEM,129000,0,129000,0,97.0,4.5,250519.0,Bảo hộ lao động SHUNI,517.0,4.3077,False,65.0,21.0
158720374,"Áo thun trơn nam ZAVAS, cổ tròn ngắn tay chất vải cotton cao cấp, áo phông tiêu chuẩn thoáng mát thấm hút mồ hôi không gây nóng nực, co giãn tốt - ZT01",ZAVAS,155000,6000,149000,4,632.0,4.8,173920.0,ZAVAS OFFICIAL,661.0,4.8186,True,485.0,411.0
148600532,"Áo khoác dù nam 2 mặt chống Nước LADOS cao cấp - 22027 , Form đẹp, chống nắng, chống nước tốt",LADOS,379000,150000,229000,40,74.0,4.2,175389.0,Thời Trang Lados,639.0,4.6093,True,2434.0,1832.0
162175288,QUẦN KAKI NAM TÚI MỸ DÁNG SUÔNG THOẢI MÁI MÀU ĐEN,OEM,165000,25000,140000,15,39.0,4.7,194524.0,HẠNH HANH SHOP,666.0,4.6205,False,195.0,96.0
19716301,Quần Tây Nam Đen Chất Đẹp DEN52 - Đen,OEM,125000,0,125000,0,106.0,4.3,47936.0,2Fashion,1450.0,4.351,False,1302.0,84.0
110873124,"Áo thun nam, áo phông nam có cổ tay ngắn vải thun cotton 100% mặc thoáng mát - ATN44",OEM,89000,10000,79000,11,28.0,5.0,146528.0,Thời trang nam SILE,974.0,4.2449,False,490.0,181.0
249965662,"Quần sịp nam, quần lót nam Lacot chất thun lạnh co giãn 4 chiều cao cấp - hàng loại 1",OEM,60000,25000,35000,42,49.0,5.0,196919.0,SUMO97 STORE,690.0,4.4497,False,149.0,48.0
52339542,Áo sơ mi nam dài tay màu trắng không túi vải mềm mịn không nhăn,OEM,68000,0,68000,0,299.0,4.5,62358.0,Hương Nemo Style,1396.0,3.9108,False,5540.0,857.0
169747104,"Áo polo nam tay ngắn, họa tiết phối bo đẹp mắt, chi tiết thêu cực nét - FORMEN SHOP - FMPS179",ARADO FASHION,250000,95000,155000,38,12.0,4.8,17914.0,FORMEN SHOP,1597.0,4.5439,False,4556.0,2040.0
112643914,"ÁO KHOÁC DÙ , ÁO KHOÁC DÙ NAM CỰC CHẤT , CÓ MŨ CHE NẮNG SIÊU ĐẸP NGẦU NHẤT 2021 THỜI TRANG 1HITSTORE1",OEM,99000,20000,79000,20,222.0,3.6,198169.0,HiYu Store,687.0,3.5243,False,309.0,54.0
116105914,Áo Khoác Dù Bomber TSM Túi Có Khóa Kéo Áo Khoác Gió Nam Nữ Couple Rẻ Đẹp Chống Nắng - Bomber Jacket -HIỀN LINH SHOP ÁO KHOÁC,OEM,85900,0,85900,0,110.0,4.7,107394.0,Đầm YuRin,1179.0,4.3197,False,3422.0,1267.0
107324722,"Quần thể thao nam ngắn Sport vải Thun Poly 2 Da thoáng mát, hút ẩm tốt, độ co giãn cao, bền, thích hợp mặc chơi thể thao tập gym",AK Corner,135000,66000,69000,49,142.0,4.7,175215.0,A K CORNER,782.0,4.6174,True,1422.0,243.0
133821238,"Combo 5 Quần Lót Nam Boxer Cotton Lưng Thái Cao Cấp, Quần Sịp Đùi Nam Co Giãn 4 Chiều CITYMEN - ( Màu Ngẫu Nhiên )",CITYMEN,230000,111900,118100,49,548.0,4.7,9311.0,THỜI TRANG LIÊN MINH,1699.0,4.5213,False,18594.0,5143.0
118900531,Quần nam Quần đũi dài nam ống suông Form Slimfit dáng âu,OEM,94800,0,94800,0,248.0,4.5,216775.0,Tansy Boutique,632.0,4.4253,False,87.0,5.0
54749125,"Quần Short, Quần Đùi Nam Thể Thao Chất Đẹp Vải Mát Mùa Hè",OEM,85000,31000,54000,36,177.0,4.3,146174.0,HOÀNG HÀ 888,982.0,4.524,False,6168.0,1579.0
